{
  "dac_24khz": {
    "1": {
      "stsim_mean": 0.8619989898364067,
      "stsim_ci95": 0.0032730906805791852,
      "psnr_mean": 32.27824826397425,
      "psnr_ci95": 0.38231393827907967,
      "kbps": 0.75,
      "compression_ratio": 64.0,
      "n": 1003,
      "tps": 75.0,
      "bins": 1024
    },
    "2": {
      "stsim_mean": 0.8820368476427445,
      "stsim_ci95": 0.0030759244168310305,
      "psnr_mean": 32.886816690355566,
      "psnr_ci95": 0.3656373510665133,
      "kbps": 1.5,
      "compression_ratio": 32.0,
      "n": 1003,
      "tps": 75.0,
      "bins": 1024
    },
    "3": {
      "stsim_mean": 0.9299447956018647,
      "stsim_ci95": 0.0013819360699137268,
      "psnr_mean": 35.24655498797492,
      "psnr_ci95": 0.3765971571555813,
      "kbps": 2.25,
      "compression_ratio": 21.333333333333332,
      "n": 1003,
      "tps": 75.0,
      "bins": 1024
    },
    "4": {
      "stsim_mean": 0.9542563671723439,
      "stsim_ci95": 0.0008057331996214517,
      "psnr_mean": 37.46767491143817,
      "psnr_ci95": 0.392567762828925,
      "kbps": 3.0,
      "compression_ratio": 16.0,
      "n": 1003,
      "tps": 75.0,
      "bins": 1024
    },
    "8": {
      "stsim_mean": 0.9833606984893442,
      "stsim_ci95": 0.00025710157801476607,
      "psnr_mean": 42.44121607802325,
      "psnr_ci95": 0.38540122814953437,
      "kbps": 6.0,
      "compression_ratio": 8.0,
      "n": 1003,
      "tps": 75.0,
      "bins": 1024
    }
  },
  "proposed_runs": [
    {
      "run": "rvqB10_K128",
      "path": "/home/student/studentdata/SWEEP_ALLPRED_AR_RVQ/rvqB10_K128",
      "books": 10,
      "embed": 128,
      "bits_per_code": 7.0,
      "tps": 75.0,
      "kbps": 5.25,
      "compression_ratio": 9.142857142857142,
      "n": 1003,
      "stsim_mean": 0.9440802537788779,
      "stsim_ci95": 0.0007926167927595934,
      "psnr_mean": 35.61884384402487,
      "psnr_ci95": 0.44819611204047477
    },
    {
      "run": "rvqB10_K256",
      "path": "/home/student/studentdata/SWEEP_ALLPRED_AR_RVQ/rvqB10_K256",
      "books": 10,
      "embed": 256,
      "bits_per_code": 8.0,
      "tps": 75.0,
      "kbps": 6.0,
      "compression_ratio": 8.0,
      "n": 1003,
      "stsim_mean": 0.9427598469991865,
      "stsim_ci95": 0.0008775506448457645,
      "psnr_mean": 34.73866680540806,
      "psnr_ci95": 0.449523876670859
    },
    {
      "run": "rvqB10_K512",
      "path": "/home/student/studentdata/SWEEP_ALLPRED_AR_RVQ/rvqB10_K512",
      "books": 10,
      "embed": 512,
      "bits_per_code": 9.0,
      "tps": 75.0,
      "kbps": 6.75,
      "compression_ratio": 7.111111111111111,
      "n": 1003,
      "stsim_mean": 0.959672230309765,
      "stsim_ci95": 0.0006718355847821582,
      "psnr_mean": 37.78877334366529,
      "psnr_ci95": 0.42227625055501894
    },
    {
      "run": "rvqB1_K128",
      "path": "/home/student/studentdata/SWEEP_ALLPRED_AR_RVQ/rvqB1_K128",
      "books": 1,
      "embed": 128,
      "bits_per_code": 7.0,
      "tps": 75.0,
      "kbps": 0.525,
      "compression_ratio": 91.42857142857143,
      "n": 1003,
      "stsim_mean": 0.9285505460955923,
      "stsim_ci95": 0.0010482405448857725,
      "psnr_mean": 32.03570314276135,
      "psnr_ci95": 0.41184901983247046
    },
    {
      "run": "rvqB1_K256",
      "path": "/home/student/studentdata/SWEEP_ALLPRED_AR_RVQ/rvqB1_K256",
      "books": 1,
      "embed": 256,
      "bits_per_code": 8.0,
      "tps": 75.0,
      "kbps": 0.6,
      "compression_ratio": 80.0,
      "n": 1003,
      "stsim_mean": 0.9322125678167029,
      "stsim_ci95": 0.0009026196321621709,
      "psnr_mean": 33.637284837002056,
      "psnr_ci95": 0.42765498080665804
    },
    {
      "run": "rvqB1_K512",
      "path": "/home/student/studentdata/SWEEP_ALLPRED_AR_RVQ/rvqB1_K512",
      "books": 1,
      "embed": 512,
      "bits_per_code": 9.0,
      "tps": 75.0,
      "kbps": 0.675,
      "compression_ratio": 71.1111111111111,
      "n": 1003,
      "stsim_mean": 0.9199453075291034,
      "stsim_ci95": 0.0015871701502670414,
      "psnr_mean": 32.54662927720744,
      "psnr_ci95": 0.4012793333473107
    },
    {
      "run": "rvqB2_K128",
      "path": "/home/student/studentdata/SWEEP_ALLPRED_AR_RVQ/rvqB2_K128",
      "books": 2,
      "embed": 128,
      "bits_per_code": 7.0,
      "tps": 75.0,
      "kbps": 1.05,
      "compression_ratio": 45.714285714285715,
      "n": 1003,
      "stsim_mean": 0.9302426027514761,
      "stsim_ci95": 0.0011604254438038546,
      "psnr_mean": 32.74924270747785,
      "psnr_ci95": 0.39917263140404846
    },
    {
      "run": "rvqB2_K256",
      "path": "/home/student/studentdata/SWEEP_ALLPRED_AR_RVQ/rvqB2_K256",
      "books": 2,
      "embed": 256,
      "bits_per_code": 8.0,
      "tps": 75.0,
      "kbps": 1.2,
      "compression_ratio": 40.0,
      "n": 1003,
      "stsim_mean": 0.9412227515446938,
      "stsim_ci95": 0.0007564904605673233,
      "psnr_mean": 34.97304501253016,
      "psnr_ci95": 0.4112979257561622
    },
    {
      "run": "rvqB2_K512",
      "path": "/home/student/studentdata/SWEEP_ALLPRED_AR_RVQ/rvqB2_K512",
      "books": 2,
      "embed": 512,
      "bits_per_code": 9.0,
      "tps": 75.0,
      "kbps": 1.35,
      "compression_ratio": 35.55555555555555,
      "n": 1003,
      "stsim_mean": 0.933337562996987,
      "stsim_ci95": 0.0011031808374321337,
      "psnr_mean": 32.841799913826634,
      "psnr_ci95": 0.39883695708186995
    },
    {
      "run": "rvqB3_K128",
      "path": "/home/student/studentdata/SWEEP_ALLPRED_AR_RVQ/rvqB3_K128",
      "books": 3,
      "embed": 128,
      "bits_per_code": 7.0,
      "tps": 75.0,
      "kbps": 1.575,
      "compression_ratio": 30.476190476190478,
      "n": 1003,
      "stsim_mean": 0.9383791799797256,
      "stsim_ci95": 0.0013676755250346623,
      "psnr_mean": 33.4359950838631,
      "psnr_ci95": 0.3962016254763529
    },
    {
      "run": "rvqB3_K256",
      "path": "/home/student/studentdata/SWEEP_ALLPRED_AR_RVQ/rvqB3_K256",
      "books": 3,
      "embed": 256,
      "bits_per_code": 8.0,
      "tps": 75.0,
      "kbps": 1.8,
      "compression_ratio": 26.666666666666664,
      "n": 1003,
      "stsim_mean": 0.9379682715012806,
      "stsim_ci95": 0.000995966060733677,
      "psnr_mean": 34.43825888039464,
      "psnr_ci95": 0.4057495755413858
    },
    {
      "run": "rvqB3_K512",
      "path": "/home/student/studentdata/SWEEP_ALLPRED_AR_RVQ/rvqB3_K512",
      "books": 3,
      "embed": 512,
      "bits_per_code": 9.0,
      "tps": 75.0,
      "kbps": 2.025,
      "compression_ratio": 23.703703703703706,
      "n": 1003,
      "stsim_mean": 0.9443094468306925,
      "stsim_ci95": 0.0007261304939824123,
      "psnr_mean": 35.42885252723428,
      "psnr_ci95": 0.41523118817423443
    },
    {
      "run": "rvqB4_K128",
      "path": "/home/student/studentdata/SWEEP_ALLPRED_AR_RVQ/rvqB4_K128",
      "books": 4,
      "embed": 128,
      "bits_per_code": 7.0,
      "tps": 75.0,
      "kbps": 2.1,
      "compression_ratio": 22.857142857142858,
      "n": 1003,
      "stsim_mean": 0.937259767074528,
      "stsim_ci95": 0.0011745054956133348,
      "psnr_mean": 33.45239599537873,
      "psnr_ci95": 0.4022182019177372
    },
    {
      "run": "rvqB4_K256",
      "path": "/home/student/studentdata/SWEEP_ALLPRED_AR_RVQ/rvqB4_K256",
      "books": 4,
      "embed": 256,
      "bits_per_code": 8.0,
      "tps": 75.0,
      "kbps": 2.4,
      "compression_ratio": 20.0,
      "n": 1003,
      "stsim_mean": 0.9369964359526858,
      "stsim_ci95": 0.0012509982933388284,
      "psnr_mean": 33.415712372731356,
      "psnr_ci95": 0.4013034170980965
    },
    {
      "run": "rvqB4_K512",
      "path": "/home/student/studentdata/SWEEP_ALLPRED_AR_RVQ/rvqB4_K512",
      "books": 4,
      "embed": 512,
      "bits_per_code": 9.0,
      "tps": 75.0,
      "kbps": 2.7,
      "compression_ratio": 17.777777777777775,
      "n": 1003,
      "stsim_mean": 0.936348191168111,
      "stsim_ci95": 0.0014582263976746365,