{
  "dac_24khz": {
    "1": {
      "stsim_mean": 0.8619989898364067,
      "stsim_ci95": 0.0032730906805791852,
      "psnr_mean": 32.27824826397425,
      "psnr_ci95": 0.38231393827907967,
      "kbps": 0.75,
      "compression_ratio": 64.0,
      "n": 1003,
      "tps": 75.0,
      "bins": 1024
    },
    "2": {
      "stsim_mean": 0.8820368476427445,
      "stsim_ci95": 0.0030759244168310305,
      "psnr_mean": 32.886816690355566,
      "psnr_ci95": 0.3656373510665133,
      "kbps": 1.5,
      "compression_ratio": 32.0,
      "n": 1003,
      "tps": 75.0,
      "bins": 1024
    },
    "3": {
      "stsim_mean": 0.9299447956018647,
      "stsim_ci95": 0.0013819360699137268,
      "psnr_mean": 35.24655498797492,
      "psnr_ci95": 0.3765971571555813,
      "kbps": 2.25,
      "compression_ratio": 21.333333333333332,
      "n": 1003,
      "tps": 75.0,
      "bins": 1024
    },
    "4": {
      "stsim_mean": 0.9542563671723439,
      "stsim_ci95": 0.0008057331996214517,
      "psnr_mean": 37.46767491143817,
      "psnr_ci95": 0.392567762828925,
      "kbps": 3.0,
      "compression_ratio": 16.0,
      "n": 1003,
      "tps": 75.0,
      "bins": 1024
    },
    "8": {
      "stsim_mean": 0.9833606984893442,
      "stsim_ci95": 0.00025710157801476607,
      "psnr_mean": 42.44121607802325,
      "psnr_ci95": 0.38540122814953437,
      "kbps": 6.0,
      "compression_ratio": 8.0,
      "n": 1003,
      "tps": 75.0,
      "bins": 1024
    }
  },
  "proposed_runs": [
    {
      "run": "rvqB10_K128",
      "path": "/home/student/studentdata/SWEEP_ALLPRED_AR_RVQ/rvqB10_K128",
      "books": 10,
      "embed": 128,
      "bits_per_code": 7.0,
      "tps": 75.0,
      "kbps": 5.25,
      "compression_ratio": 9.142857142857142,
      "n": 1003,
      "stsim_mean": 0.9440802537788779,
      "stsim_ci95": 0.0007926167927595934,
      "psnr_mean": 35.61884384402487,
      "psnr_ci95": 0.44819611204047477
    },
    {
      "run": "rvqB10_K256",
      "path": "/home/student/studentdata/SWEEP_ALLPRED_AR_RVQ/rvqB10_K256",
      "books": 10,
      "embed": 256,
      "bits_per_code": 8.0,
      "tps": 75.0,
      "kbps": 6.0,
      "compression_ratio": 8.0,
      "n": 1003,
      "stsim_mean": 0.9427598469991865,
      "stsim_ci95": 0.0008775506448457645,
      "psnr_mean": 34.73866680540806,
      "psnr_ci95": 0.449523876670859
    },
    {
      "run": "rvqB10_K512",
      "path": "/home/student/studentdata/SWEEP_ALLPRED_AR_RVQ/rvqB10_K512",
      "books": 10,
      "embed": 512,
      "bits_per_code": 9.0,
      "tps": 75.0,
      "kbps": 6.75,
      "compression_ratio": 7.111111111111111,
      "n": 1003,
      "stsim_mean": 0.959672230309765,
      "stsim_ci95": 0.0006718355847821582,
      "psnr_mean": 37.78877334366529,
      "psnr_ci95": 0.42227625055501894
    },
    {
      "run": "rvqB1_K128",
      "path": "/home/student/studentdata/SWEEP_ALLPRED_AR_RVQ/rvqB1_K128",
      "books": 1,
      "embed": 128,
      "bits_per_code": 7.0,
      "tps": 75.0,
      "kbps": 0.525,
      "compression_ratio": 91.42857142857143,
      "n": 1003,
      "stsim_mean": 0.9323169339451928,
      "stsim_ci95": 0.0009571383822159422,
      "psnr_mean": 33.40473501656134,
      "psnr_ci95": 0.42552740170636894
    },
    {
      "run": "rvqB1_K256",
      "path": "/home/student/studentdata/SWEEP_ALLPRED_AR_RVQ/rvqB1_K256",
      "books": 1,
      "embed": 256,
      "bits_per_code": 8.0,
      "tps": 75.0,
      "kbps": 0.6,
      "compression_ratio": 80.0,
      "n": 1003,
      "stsim_mean": 0.9268921708181159,
      "stsim_ci95": 0.0011694528491409941,
      "psnr_mean": 31.988388291622325,
      "psnr_ci95": 0.4078065863044619
    },
    {
      "run": "rvqB1_K512",
      "path": "/home/student/studentdata/SWEEP_ALLPRED_AR_RVQ/rvqB1_K512",
      "books": 1,
      "embed": 512,
      "bits_per_code": 9.0,
      "tps": 75.0,
      "kbps": 0.675,
      "compression_ratio": 71.1111111111111,
      "n": 1003,
      "stsim_mean": 0.9236325364288756,
      "stsim_ci95": 0.0011540156029925077,
      "psnr_mean": 32.23094176770683,
      "psnr_ci95": 0.407567785117386
    },
    {
      "run": "rvqB2_K128",
      "path": "/home/student/studentdata/SWEEP_ALLPRED_AR_RVQ/rvqB2_K128",
      "books": 2,
      "embed": 128,
      "bits_per_code": 7.0,
      "tps": 75.0,
      "kbps": 1.05,
      "compression_ratio": 45.714285714285715,
      "n": 1003,
      "stsim_mean": 0.9306109123310801,
      "stsim_ci95": 0.001302652660783572,
      "psnr_mean": 33.12746391410485,
      "psnr_ci95": 0.40677781377065236
    },
    {
      "run": "rvqB2_K256",
      "path": "/home/student/studentdata/SWEEP_ALLPRED_AR_RVQ/rvqB2_K256",
      "books": 2,
      "embed": 256,
      "bits_per_code": 8.0,
      "tps": 75.0,
      "kbps": 1.2,
      "compression_ratio": 40.0,
      "n": 1003,
      "stsim_mean": 0.9334391826765607,
      "stsim_ci95": 0.0011326391308797226,
      "psnr_mean": 32.789346822356414,
      "psnr_ci95": 0.3982113656255739
    },
    {
      "run": "rvqB2_K512",
      "path": "/home/student/studentdata/SWEEP_ALLPRED_AR_RVQ/rvqB2_K512",
      "books": 2,
      "embed": 512,
      "bits_per_code": 9.0,
      "tps": 75.0,
      "kbps": 1.35,
      "compression_ratio": 35.55555555555555,
      "n": 1003,
      "stsim_mean": 0.9292209226255521,
      "stsim_ci95": 0.0012515675174454548,
      "psnr_mean": 33.18356251074809,
      "psnr_ci95": 0.4167850240482664
    },
    {
      "run": "rvqB3_K128",
      "path": "/home/student/studentdata/SWEEP_ALLPRED_AR_RVQ/rvqB3_K128",
      "books": 3,
      "embed": 128,
      "bits_per_code": 7.0,
      "tps": 75.0,
      "kbps": 1.575,
      "compression_ratio": 30.476190476190478,
      "n": 1003,
      "stsim_mean": 0.9330175096468103,
      "stsim_ci95": 0.0011968135280496562,
      "psnr_mean": 32.89206526310351,
      "psnr_ci95": 0.3972081066150867
    },
    {
      "run": "rvqB3_K256",
      "path": "/home/student/studentdata/SWEEP_ALLPRED_AR_RVQ/rvqB3_K256",
      "books": 3,
      "embed": 256,
      "bits_per_code": 8.0,
      "tps": 75.0,
      "kbps": 1.8,
      "compression_ratio": 26.666666666666664,
      "n": 1003,
      "stsim_mean": 0.9383393121977984,
      "stsim_ci95": 0.0007814564041140372,
      "psnr_mean": 34.675507187962175,
      "psnr_ci95": 0.43177918527886383
    },
    {
      "run": "rvqB3_K512",
      "path": "/home/student/studentdata/SWEEP_ALLPRED_AR_RVQ/rvqB3_K512",
      "books": 3,
      "embed": 512,
      "bits_per_code": 9.0,
      "tps": 75.0,
      "kbps": 2.025,
      "compression_ratio": 23.703703703703706,
      "n": 1003,
      "stsim_mean": 0.9348175655809025,
      "stsim_ci95": 0.0011433344487900034,
      "psnr_mean": 33.22135934135612,
      "psnr_ci95": 0.4025041451961571
    },
    {
      "run": "rvqB4_K128",
      "path": "/home/student/studentdata/SWEEP_ALLPRED_AR_RVQ/rvqB4_K128",
      "books": 4,
      "embed": 128,
      "bits_per_code": 7.0,
      "tps": 75.0,
      "kbps": 2.1,
      "compression_ratio": 22.857142857142858,
      "n": 1003,
      "stsim_mean": 0.930599600165815,
      "stsim_ci95": 0.0012028678320243841,
      "psnr_mean": 32.78965995556574,
      "psnr_ci95": 0.4087142471034262
    },
    {
      "run": "rvqB4_K256",
      "path": "/home/student/studentdata/SWEEP_ALLPRED_AR_RVQ/rvqB4_K256",
      "books": 4,
      "embed": 256,
      "bits_per_code": 8.0,
      "tps": 75.0,
      "kbps": 2.4,
      "compression_ratio": 20.0,
      "n": 1003,
      "stsim_mean": 0.9327869913870411,
      "stsim_ci95": 0.001330153778448101,
      "psnr_mean": 32.991306208898635,
      "psnr_ci95": 0.39051510594878974
    },
    {
      "run": "rvqB4_K512",
      "path": "/home/student/studentdata/SWEEP_ALLPRED_AR_RVQ/rvqB4_K512",
      "books": 4,
      "embed": 512,
      "bits_per_code": 9.0,
      "tps": 75.0,
      "kbps": 2.7,
      "compression_ratio": 17.777777777777775,
      "n": 1003,
      "stsim_mean": 0.9422930342963305,
      "stsim_ci95": 0.0007859465035788856,