{
  "dac_24khz": {
    "1": {
      "stsim_mean": 0.8619989898364067,
      "stsim_ci95": 0.0032730906805791852,
      "psnr_mean": 32.27824826397425,
      "psnr_ci95": 0.38231393827907967,
      "kbps": 0.75,
      "compression_ratio": 64.0,
      "n": 1003,
      "tps": 75.0,
      "bins": 1024,
      "encoding_delay_ms": 1.892998599942075,
      "decoding_delay_ms": 3.0966478003392695,
      "buffer_delay_ms": 13.333333333333334
    },
    "2": {
      "stsim_mean": 0.8820368476427445,
      "stsim_ci95": 0.0030759244168310305,
      "psnr_mean": 32.886816690355566,
      "psnr_ci95": 0.3656373510665133,
      "kbps": 1.5,
      "compression_ratio": 32.0,
      "n": 1003,
      "tps": 75.0,
      "bins": 1024,
      "encoding_delay_ms": 1.9981939996796427,
      "decoding_delay_ms": 2.9707987003348535,
      "buffer_delay_ms": 13.333333333333334
    },
    "3": {
      "stsim_mean": 0.9299447956018647,
      "stsim_ci95": 0.0013819360699137268,
      "psnr_mean": 35.24655498797492,
      "psnr_ci95": 0.3765971571555813,
      "kbps": 2.25,
      "compression_ratio": 21.333333333333332,
      "n": 1003,
      "tps": 75.0,
      "bins": 1024,
      "encoding_delay_ms": 2.3657714005821617,
      "decoding_delay_ms": 2.9300573009095388,
      "buffer_delay_ms": 13.333333333333334
    },
    "4": {
      "stsim_mean": 0.9542563671723439,
      "stsim_ci95": 0.0008057331996214517,
      "psnr_mean": 37.46767491143817,
      "psnr_ci95": 0.392567762828925,
      "kbps": 3.0,
      "compression_ratio": 16.0,
      "n": 1003,
      "tps": 75.0,
      "bins": 1024,
      "encoding_delay_ms": 2.6557072000287008,
      "decoding_delay_ms": 2.8805501005990664,
      "buffer_delay_ms": 13.333333333333334
    },
    "8": {
      "stsim_mean": 0.9833606984893442,
      "stsim_ci95": 0.00025710157801476607,
      "psnr_mean": 42.44121607802325,
      "psnr_ci95": 0.38540122814953437,
      "kbps": 6.0,
      "compression_ratio": 8.0,
      "n": 1003,
      "tps": 75.0,
      "bins": 1024,
      "encoding_delay_ms": 3.6275856000429485,
      "decoding_delay_ms": 2.8605599007278215,
      "buffer_delay_ms": 13.333333333333334
    }
  },
  "proposed_runs": [
    {
      "run": "rvqB10_K128",
      "path": "/home/student/studentdata/SWEEP_ALLPRED_AR_RVQ/rvqB10_K128",
      "books": 10,
      "embed": 128,
      "bits_per_code": 7.0,
      "tps": 75.0,
      "kbps": 5.25,
      "compression_ratio": 9.142857142857142,
      "n": 1003,
      "stsim_mean": 0.9440802537788779,
      "stsim_ci95": 0.0007926167927595934,
      "psnr_mean": 35.61884384402487,
      "psnr_ci95": 0.44819611204047477,
      "encoding_delay_ms": 15.402604400151176,
      "decoding_delay_ms": 2.7536825993593084,
      "buffer_delay_ms": 13.333333333333334
    },
    {
      "run": "rvqB10_K256",
      "path": "/home/student/studentdata/SWEEP_ALLPRED_AR_RVQ/rvqB10_K256",
      "books": 10,
      "embed": 256,
      "bits_per_code": 8.0,
      "tps": 75.0,
      "kbps": 6.0,
      "compression_ratio": 8.0,
      "n": 1003,
      "stsim_mean": 0.9427598469991865,
      "stsim_ci95": 0.0008775506448457645,
      "psnr_mean": 34.73866680540806,
      "psnr_ci95": 0.449523876670859,
      "encoding_delay_ms": 16.26662130074692,
      "decoding_delay_ms": 2.8083256001991685,
      "buffer_delay_ms": 13.333333333333334
    },
    {
      "run": "rvqB10_K512",
      "path": "/home/student/studentdata/SWEEP_ALLPRED_AR_RVQ/rvqB10_K512",
      "books": 10,
      "embed": 512,
      "bits_per_code": 9.0,
      "tps": 75.0,
      "kbps": 6.75,
      "compression_ratio": 7.111111111111111,
      "n": 1003,
      "stsim_mean": 0.959672230309765,
      "stsim_ci95": 0.0006718355847821582,
      "psnr_mean": 37.78877334366529,
      "psnr_ci95": 0.42227625055501894,
      "encoding_delay_ms": 15.129016099672299,
      "decoding_delay_ms": 2.7517174003151013,
      "buffer_delay_ms": 13.333333333333334
    },
    {
      "run": "rvqB1_K128",
      "path": "/home/student/studentdata/SWEEP_ALLPRED_AR_RVQ/rvqB1_K128",
      "books": 1,
      "embed": 128,
      "bits_per_code": 7.0,
      "tps": 75.0,
      "kbps": 0.525,
      "compression_ratio": 91.42857142857143,
      "n": 1003,
      "stsim_mean": 0.9285505460955923,
      "stsim_ci95": 0.0010482405448857725,
      "psnr_mean": 32.03570314276135,
      "psnr_ci95": 0.41184901983247046,
      "encoding_delay_ms": 12.935217100312002,
      "decoding_delay_ms": 2.7954212000622647,
      "buffer_delay_ms": 13.333333333333334
    },
    {
      "run": "rvqB1_K256",
      "path": "/home/student/studentdata/SWEEP_ALLPRED_AR_RVQ/rvqB1_K256",
      "books": 1,
      "embed": 256,
      "bits_per_code": 8.0,
      "tps": 75.0,
      "kbps": 0.6,
      "compression_ratio": 80.0,
      "n": 1003,
      "stsim_mean": 0.9322125678167029,
      "stsim_ci95": 0.0009026196321621709,
      "psnr_mean": 33.637284837002056,
      "psnr_ci95": 0.42765498080665804,
      "encoding_delay_ms": 12.830467600360862,
      "decoding_delay_ms": 2.7504456989845494,
      "buffer_delay_ms": 13.333333333333334
    },
    {
      "run": "rvqB1_K512",
      "path": "/home/student/studentdata/SWEEP_ALLPRED_AR_RVQ/rvqB1_K512",
      "books": 1,
      "embed": 512,
      "bits_per_code": 9.0,
      "tps": 75.0,
      "kbps": 0.675,
      "compression_ratio": 71.1111111111111,
      "n": 1003,
      "stsim_mean": 0.9199453075291034,
      "stsim_ci95": 0.0015871701502670414,
      "psnr_mean": 32.54662927720744,
      "psnr_ci95": 0.4012793333473107,
      "encoding_delay_ms": 13.165121699785232,
      "decoding_delay_ms": 2.7512043998285662,
      "buffer_delay_ms": 13.333333333333334
    },
    {
      "run": "rvqB2_K128",
      "path": "/home/student/studentdata/SWEEP_ALLPRED_AR_RVQ/rvqB2_K128",
      "books": 2,
      "embed": 128,
      "bits_per_code": 7.0,
      "tps": 75.0,
      "kbps": 1.05,
      "compression_ratio": 45.714285714285715,
      "n": 1003,
      "stsim_mean": 0.9302426027514761,
      "stsim_ci95": 0.0011604254438038546,
      "psnr_mean": 32.74924270747785,
      "psnr_ci95": 0.39917263140404846,
      "encoding_delay_ms": 14.094440899862093,
      "decoding_delay_ms": 2.754978299708455,
      "buffer_delay_ms": 13.333333333333334
    },
    {
      "run": "rvqB2_K256",
      "path": "/home/student/studentdata/SWEEP_ALLPRED_AR_RVQ/rvqB2_K256",
      "books": 2,
      "embed": 256,
      "bits_per_code": 8.0,
      "tps": 75.0,
      "kbps": 1.2,
      "compression_ratio": 40.0,
      "n": 1003,
      "stsim_mean": 0.9412227515446938,
      "stsim_ci95": 0.0007564904605673233,
      "psnr_mean": 34.97304501253016,
      "psnr_ci95": 0.4112979257561622,
      "encoding_delay_ms": 12.973883800805197,
      "decoding_delay_ms": 2.765591999195749,
      "buffer_delay_ms": 13.333333333333334
    },
    {
      "run": "rvqB2_K512",
      "path": "/home/student/studentdata/SWEEP_ALLPRED_AR_RVQ/rvqB2_K512",
      "books": 2,
      "embed": 512,
      "bits_per_code": 9.0,
      "tps": 75.0,
      "kbps": 1.35,
      "compression_ratio": 35.55555555555555,
      "n": 1003,
      "stsim_mean": 0.933337562996987,
      "stsim_ci95": 0.0011031808374321337,
      "psnr_mean": 32.841799913826634,
      "psnr_ci95": 0.39883695708186995,
      "encoding_delay_ms": 13.447379300851026,
      "decoding_delay_ms": 2.7516384005139116,
      "buffer_delay_ms": 13.333333333333334
    },
    {
      "run": "rvqB3_K128",
      "path": "/home/student/studentdata/SWEEP_ALLPRED_AR_RVQ/rvqB3_K128",
      "books": 3,
      "embed": 128,
      "bits_per_code": 7.0,
      "tps": 75.0,
      "kbps": 1.575,
      "compression_ratio": 30.476190476190478,
      "n": 1003,
      "stsim_mean": 0.9383791799797256,
      "stsim_ci95": 0.0013676755250346623,
      "psnr_mean": 33.4359950838631,
      "psnr_ci95": 0.3962016254763529,
      "encoding_delay_ms": 13.142680501914583,
      "decoding_delay_ms": 2.7715017000446096,
      "buffer_delay_ms": 13.333333333333334
    },
    {
      "run": "rvqB3_K256",