{
  "dac_24khz": {
    "1": {
      "stsim_mean": 0.8667144024241363,
      "stsim_ci95": 0.0027235587334682155,
      "psnr_mean": 19.555104485299747,
      "psnr_ci95": 0.36267799768559555,
      "kbps": 0.75,
      "compression_ratio": 64.0,
      "n": 1003,
      "tps": 75.0,
      "bins": 1024
    },
    "2": {
      "stsim_mean": 0.8792253532414422,
      "stsim_ci95": 0.003094882831942851,
      "psnr_mean": 20.070188983487466,
      "psnr_ci95": 0.3432029385068707,
      "kbps": 1.5,
      "compression_ratio": 32.0,
      "n": 1003,
      "tps": 75.0,
      "bins": 1024
    },
    "3": {
      "stsim_mean": 0.9205278558127308,
      "stsim_ci95": 0.0019066132147702271,
      "psnr_mean": 21.9677865526612,
      "psnr_ci95": 0.3383450778693986,
      "kbps": 2.25,
      "compression_ratio": 21.333333333333332,
      "n": 1003,
      "tps": 75.0,
      "bins": 1024
    },
    "4": {
      "stsim_mean": 0.9461440342967793,
      "stsim_ci95": 0.0012745036878573993,
      "psnr_mean": 23.825698365718274,
      "psnr_ci95": 0.33272089768560514,
      "kbps": 3.0,
      "compression_ratio": 16.0,
      "n": 1003,
      "tps": 75.0,
      "bins": 1024
    },
    "8": {
      "stsim_mean": 0.98162987242905,
      "stsim_ci95": 0.0003093901068032815,
      "psnr_mean": 28.815441122083577,
      "psnr_ci95": 0.34789561443615696,
      "kbps": 6.0,
      "compression_ratio": 8.0,
      "n": 1003,
      "tps": 75.0,
      "bins": 1024
    }
  },
  "proposed_runs": [
    {
      "run": "rvqB10_K128",
      "path": "/home/student/studentdata/SWEEP_ALLPRED_AR_RVQ/rvqB10_K128",
      "books": 10,
      "embed": 128,
      "bits_per_code": 7.0,
      "tps": 75.0,
      "kbps": 5.25,
      "compression_ratio": 9.142857142857142,
      "n": 1003,
      "stsim_mean": 0.940251268988711,
      "stsim_ci95": 0.0009539989903131558,
      "psnr_mean": 22.67261027766843,
      "psnr_ci95": 0.4218616822035023
    },
    {
      "run": "rvqB10_K256",
      "path": "/home/student/studentdata/SWEEP_ALLPRED_AR_RVQ/rvqB10_K256",
      "books": 10,
      "embed": 256,
      "bits_per_code": 8.0,
      "tps": 75.0,
      "kbps": 6.0,
      "compression_ratio": 8.0,
      "n": 1003,
      "stsim_mean": 0.938677810422207,
      "stsim_ci95": 0.0010259114785165797,
      "psnr_mean": 21.954434689828904,
      "psnr_ci95": 0.4252195742706365
    },
    {
      "run": "rvqB10_K512",
      "path": "/home/student/studentdata/SWEEP_ALLPRED_AR_RVQ/rvqB10_K512",
      "books": 10,
      "embed": 512,
      "bits_per_code": 9.0,
      "tps": 75.0,
      "kbps": 6.75,
      "compression_ratio": 7.111111111111111,
      "n": 1003,
      "stsim_mean": 0.9555171492211484,
      "stsim_ci95": 0.0008195797223630732,
      "psnr_mean": 24.665396478335378,
      "psnr_ci95": 0.39416884252361334
    },
    {
      "run": "rvqB1_K128",
      "path": "/home/student/studentdata/SWEEP_ALLPRED_AR_RVQ/rvqB1_K128",
      "books": 1,
      "embed": 128,
      "bits_per_code": 7.0,
      "tps": 75.0,
      "kbps": 0.525,
      "compression_ratio": 91.42857142857143,
      "n": 1003,
      "stsim_mean": 0.9484500671669113,
      "stsim_ci95": 0.0007859117097872392,
      "psnr_mean": 21.347047365912175,
      "psnr_ci95": 0.4331432428804776
    },
    {
      "run": "rvqB1_K256",
      "path": "/home/student/studentdata/SWEEP_ALLPRED_AR_RVQ/rvqB1_K256",
      "books": 1,
      "embed": 256,
      "bits_per_code": 8.0,
      "tps": 75.0,
      "kbps": 0.6,
      "compression_ratio": 80.0,
      "n": 1003,
      "stsim_mean": 0.9453263272079133,
      "stsim_ci95": 0.0008453994133076254,
      "psnr_mean": 19.29200203611273,
      "psnr_ci95": 0.4040469887917449
    },
    {
      "run": "rvqB1_K512",
      "path": "/home/student/studentdata/SWEEP_ALLPRED_AR_RVQ/rvqB1_K512",
      "books": 1,
      "embed": 512,
      "bits_per_code": 9.0,
      "tps": 75.0,
      "kbps": 0.675,
      "compression_ratio": 71.1111111111111,
      "n": 1003,
      "stsim_mean": 0.9440367453000837,
      "stsim_ci95": 0.0009583644434857407,
      "psnr_mean": 19.51852622619298,
      "psnr_ci95": 0.4041052969947172
    },
    {
      "run": "rvqB2_K128",
      "path": "/home/student/studentdata/SWEEP_ALLPRED_AR_RVQ/rvqB2_K128",
      "books": 2,
      "embed": 128,
      "bits_per_code": 7.0,
      "tps": 75.0,
      "kbps": 1.05,
      "compression_ratio": 45.714285714285715,
      "n": 1003,
      "stsim_mean": 0.9467345271129551,
      "stsim_ci95": 0.0008446313543094166,
      "psnr_mean": 20.2480011808789,
      "psnr_ci95": 0.39752287185920593
    },
    {
      "run": "rvqB2_K256",
      "path": "/home/student/studentdata/SWEEP_ALLPRED_AR_RVQ/rvqB2_K256",
      "books": 2,
      "embed": 256,
      "bits_per_code": 8.0,
      "tps": 75.0,
      "kbps": 1.2,
      "compression_ratio": 40.0,
      "n": 1003,
      "stsim_mean": 0.9492784690999557,
      "stsim_ci95": 0.0007642918473588784,
      "psnr_mean": 20.221299928301946,
      "psnr_ci95": 0.3968649306663768
    },
    {
      "run": "rvqB2_K512",
      "path": "/home/student/studentdata/SWEEP_ALLPRED_AR_RVQ/rvqB2_K512",
      "books": 2,
      "embed": 512,
      "bits_per_code": 9.0,
      "tps": 75.0,
      "kbps": 1.35,
      "compression_ratio": 35.55555555555555,
      "n": 1003,
      "stsim_mean": 0.9446348874186233,
      "stsim_ci95": 0.0008635368064801692,
      "psnr_mean": 19.879425747206774,
      "psnr_ci95": 0.3977199966086438
    },
    {
      "run": "rvqB3_K128",
      "path": "/home/student/studentdata/SWEEP_ALLPRED_AR_RVQ/rvqB3_K128",
      "books": 3,
      "embed": 128,
      "bits_per_code": 7.0,
      "tps": 75.0,
      "kbps": 1.575,
      "compression_ratio": 30.476190476190478,
      "n": 1003,
      "stsim_mean": 0.9493709242236935,
      "stsim_ci95": 0.0007429322690825498,
      "psnr_mean": 20.311484594050338,
      "psnr_ci95": 0.39961327718951545
    },
    {
      "run": "rvqB3_K256",
      "path": "/home/student/studentdata/SWEEP_ALLPRED_AR_RVQ/rvqB3_K256",
      "books": 3,
      "embed": 256,
      "bits_per_code": 8.0,
      "tps": 75.0,
      "kbps": 1.8,
      "compression_ratio": 26.666666666666664,
      "n": 1003,
      "stsim_mean": 0.9467525789412045,
      "stsim_ci95": 0.0007192517722369243,
      "psnr_mean": 22.236026636981297,
      "psnr_ci95": 0.42470171661163825
    },
    {
      "run": "rvqB3_K512",
      "path": "/home/student/studentdata/SWEEP_ALLPRED_AR_RVQ/rvqB3_K512",
      "books": 3,
      "embed": 512,
      "bits_per_code": 9.0,
      "tps": 75.0,
      "kbps": 2.025,
      "compression_ratio": 23.703703703703706,
      "n": 1003,
      "stsim_mean": 0.9489041733836843,
      "stsim_ci95": 0.0007479924992993277,
      "psnr_mean": 20.45997192234484,
      "psnr_ci95": 0.3994871820206428
    },
    {
      "run": "rvqB4_K128",
      "path": "/home/student/studentdata/SWEEP_ALLPRED_AR_RVQ/rvqB4_K128",
      "books": 4,
      "embed": 128,
      "bits_per_code": 7.0,
      "tps": 75.0,
      "kbps": 2.1,
      "compression_ratio": 22.857142857142858,
      "n": 1003,
      "stsim_mean": 0.9456848667364415,
      "stsim_ci95": 0.000784416209018617,
      "psnr_mean": 19.909462393459272,
      "psnr_ci95": 0.40261151772993625
    },
    {
      "run": "rvqB4_K256",
      "path": "/home/student/studentdata/SWEEP_ALLPRED_AR_RVQ/rvqB4_K256",
      "books": 4,
      "embed": 256,
      "bits_per_code": 8.0,
      "tps": 75.0,
      "kbps": 2.4,
      "compression_ratio": 20.0,
      "n": 1003,
      "stsim_mean": 0.9512134604416007,
      "stsim_ci95": 0.0007548558232002981,
      "psnr_mean": 20.48158390904709,
      "psnr_ci95": 0.398014746081355
    },
    {
      "run": "rvqB4_K512",
      "path": "/home/student/studentdata/SWEEP_ALLPRED_AR_RVQ/rvqB4_K512",
      "books": 4,
      "embed": 512,
      "bits_per_code": 9.0,
      "tps": 75.0,
      "kbps": 2.7,
      "compression_ratio": 17.777777777777775,
      "n": 1003,
      "stsim_mean": 0.9494394177453943,
      "stsim_ci95": 0.0007258566737052112,