{
  "dac_24khz": {
    "1": {
      "stsim_mean": 0.862628094458271,
      "stsim_ci95": 0.0032348173230586663,
      "psnr_mean": 21.657565944097335,
      "psnr_ci95": 0.3662763399319471,
      "kbps": 0.75,
      "compression_ratio": 64.0,
      "n": 1003,
      "tps": 75.0,
      "bins": 1024
    },
    "2": {
      "stsim_mean": 0.8832085523624363,
      "stsim_ci95": 0.00307065191392644,
      "psnr_mean": 22.24544569026913,
      "psnr_ci95": 0.35303171981761095,
      "kbps": 1.5,
      "compression_ratio": 32.0,
      "n": 1003,
      "tps": 75.0,
      "bins": 1024
    },
    "3": {
      "stsim_mean": 0.9310015461974938,
      "stsim_ci95": 0.0013266252471203475,
      "psnr_mean": 24.59456653252675,
      "psnr_ci95": 0.3640883046705973,
      "kbps": 2.25,
      "compression_ratio": 21.333333333333332,
      "n": 1003,
      "tps": 75.0,
      "bins": 1024
    },
    "4": {
      "stsim_mean": 0.9551435820126938,
      "stsim_ci95": 0.0007424374722504626,
      "psnr_mean": 26.851489635669104,
      "psnr_ci95": 0.3798253189095257,
      "kbps": 3.0,
      "compression_ratio": 16.0,
      "n": 1003,
      "tps": 75.0,
      "bins": 1024
    },
    "8": {
      "stsim_mean": 0.9834470853491771,
      "stsim_ci95": 0.00023141874908954685,
      "psnr_mean": 31.713040061867012,
      "psnr_ci95": 0.3890680318823075,
      "kbps": 6.0,
      "compression_ratio": 8.0,
      "n": 1003,
      "tps": 75.0,
      "bins": 1024
    }
  },
  "proposed_runs": [
    {
      "run": "rvqB10_K128",
      "path": "/home/student/studentdata/SWEEP_ALLPRED_AR_RVQ/rvqB10_K128",
      "books": 10,
      "embed": 128,
      "bits_per_code": 7.0,
      "tps": 75.0,
      "kbps": 5.25,
      "compression_ratio": 9.142857142857142,
      "n": 1003,
      "stsim_mean": 0.9444589868618746,
      "stsim_ci95": 0.0008360681138212205,
      "psnr_mean": 24.96475274351278,
      "psnr_ci95": 0.4409739626648489
    },
    {
      "run": "rvqB10_K256",
      "path": "/home/student/studentdata/SWEEP_ALLPRED_AR_RVQ/rvqB10_K256",
      "books": 10,
      "embed": 256,
      "bits_per_code": 8.0,
      "tps": 75.0,
      "kbps": 6.0,
      "compression_ratio": 8.0,
      "n": 1003,
      "stsim_mean": 0.9430365293237528,
      "stsim_ci95": 0.0009374135726681915,
      "psnr_mean": 24.088281048615933,
      "psnr_ci95": 0.43941729785883005
    },
    {
      "run": "rvqB10_K512",
      "path": "/home/student/studentdata/SWEEP_ALLPRED_AR_RVQ/rvqB10_K512",
      "books": 10,
      "embed": 512,
      "bits_per_code": 9.0,
      "tps": 75.0,
      "kbps": 6.75,
      "compression_ratio": 7.111111111111111,
      "n": 1003,
      "stsim_mean": 0.9598228966488558,
      "stsim_ci95": 0.0006887712092715165,
      "psnr_mean": 27.169949988900488,
      "psnr_ci95": 0.41956138199175874
    },
    {
      "run": "rvqB1_K128",
      "path": "/home/student/studentdata/SWEEP_ALLPRED_AR_RVQ/rvqB1_K128",
      "books": 1,
      "embed": 128,
      "bits_per_code": 7.0,
      "tps": 75.0,
      "kbps": 0.525,
      "compression_ratio": 91.42857142857143,
      "n": 1003,
      "stsim_mean": 0.9356916998461974,
      "stsim_ci95": 0.000937025056165411,
      "psnr_mean": 22.798846778460774,
      "psnr_ci95": 0.4105056521419735
    },
    {
      "run": "rvqB1_K256",
      "path": "/home/student/studentdata/SWEEP_ALLPRED_AR_RVQ/rvqB1_K256",
      "books": 1,
      "embed": 256,
      "bits_per_code": 8.0,
      "tps": 75.0,
      "kbps": 0.6,
      "compression_ratio": 80.0,
      "n": 1003,
      "stsim_mean": 0.9304685512425773,
      "stsim_ci95": 0.0011853368971159008,
      "psnr_mean": 21.36809512173547,
      "psnr_ci95": 0.39234268609801315
    },
    {
      "run": "rvqB1_K512",
      "path": "/home/student/studentdata/SWEEP_ALLPRED_AR_RVQ/rvqB1_K512",
      "books": 1,
      "embed": 512,
      "bits_per_code": 9.0,
      "tps": 75.0,
      "kbps": 0.675,
      "compression_ratio": 71.1111111111111,
      "n": 1003,
      "stsim_mean": 0.9282033251503766,
      "stsim_ci95": 0.0011831814987434345,
      "psnr_mean": 21.62913691248756,
      "psnr_ci95": 0.393196251836392
    },
    {
      "run": "rvqB2_K128",
      "path": "/home/student/studentdata/SWEEP_ALLPRED_AR_RVQ/rvqB2_K128",
      "books": 2,
      "embed": 128,
      "bits_per_code": 7.0,
      "tps": 75.0,
      "kbps": 1.05,
      "compression_ratio": 45.714285714285715,
      "n": 1003,
      "stsim_mean": 0.9329588217131519,
      "stsim_ci95": 0.0013101156871663314,
      "psnr_mean": 22.54939063976436,
      "psnr_ci95": 0.39044453944149743
    },
    {
      "run": "rvqB2_K256",
      "path": "/home/student/studentdata/SWEEP_ALLPRED_AR_RVQ/rvqB2_K256",
      "books": 2,
      "embed": 256,
      "bits_per_code": 8.0,
      "tps": 75.0,
      "kbps": 1.2,
      "compression_ratio": 40.0,
      "n": 1003,
      "stsim_mean": 0.9358237747656384,
      "stsim_ci95": 0.0011134857997939414,
      "psnr_mean": 22.230859190730726,
      "psnr_ci95": 0.3810468667684308
    },
    {
      "run": "rvqB2_K512",
      "path": "/home/student/studentdata/SWEEP_ALLPRED_AR_RVQ/rvqB2_K512",
      "books": 2,
      "embed": 512,
      "bits_per_code": 9.0,
      "tps": 75.0,
      "kbps": 1.35,
      "compression_ratio": 35.55555555555555,
      "n": 1003,
      "stsim_mean": 0.9316264988180409,
      "stsim_ci95": 0.0012411486624467022,
      "psnr_mean": 22.58245590795667,
      "psnr_ci95": 0.3980813034667093
    },
    {
      "run": "rvqB3_K128",
      "path": "/home/student/studentdata/SWEEP_ALLPRED_AR_RVQ/rvqB3_K128",
      "books": 3,
      "embed": 128,
      "bits_per_code": 7.0,
      "tps": 75.0,
      "kbps": 1.575,
      "compression_ratio": 30.476190476190478,
      "n": 1003,
      "stsim_mean": 0.9358484839513557,
      "stsim_ci95": 0.001138135886947251,
      "psnr_mean": 22.336872171666307,
      "psnr_ci95": 0.3795048491257998
    },
    {
      "run": "rvqB3_K256",
      "path": "/home/student/studentdata/SWEEP_ALLPRED_AR_RVQ/rvqB3_K256",
      "books": 3,
      "embed": 256,
      "bits_per_code": 8.0,
      "tps": 75.0,
      "kbps": 1.8,
      "compression_ratio": 26.666666666666664,
      "n": 1003,
      "stsim_mean": 0.9400600824850507,
      "stsim_ci95": 0.0007532050451227019,
      "psnr_mean": 24.079031926209286,
      "psnr_ci95": 0.41814558019874626
    },
    {
      "run": "rvqB3_K512",
      "path": "/home/student/studentdata/SWEEP_ALLPRED_AR_RVQ/rvqB3_K512",
      "books": 3,
      "embed": 512,
      "bits_per_code": 9.0,
      "tps": 75.0,
      "kbps": 2.025,
      "compression_ratio": 23.703703703703706,
      "n": 1003,
      "stsim_mean": 0.9369955232825616,
      "stsim_ci95": 0.0011276538171584598,
      "psnr_mean": 22.631648718775924,
      "psnr_ci95": 0.38522008930639334
    },
    {
      "run": "rvqB4_K128",
      "path": "/home/student/studentdata/SWEEP_ALLPRED_AR_RVQ/rvqB4_K128",
      "books": 4,
      "embed": 128,
      "bits_per_code": 7.0,
      "tps": 75.0,
      "kbps": 2.1,
      "compression_ratio": 22.857142857142858,
      "n": 1003,
      "stsim_mean": 0.9327547213253923,
      "stsim_ci95": 0.0011679636616479061,
      "psnr_mean": 22.193320478779725,
      "psnr_ci95": 0.3919954660478688
    },
    {
      "run": "rvqB4_K256",
      "path": "/home/student/studentdata/SWEEP_ALLPRED_AR_RVQ/rvqB4_K256",
      "books": 4,
      "embed": 256,
      "bits_per_code": 8.0,
      "tps": 75.0,
      "kbps": 2.4,
      "compression_ratio": 20.0,
      "n": 1003,
      "stsim_mean": 0.9354517332102699,
      "stsim_ci95": 0.0013457744012267936,
      "psnr_mean": 22.433655696043584,
      "psnr_ci95": 0.3744141588411786
    },
    {
      "run": "rvqB4_K512",
      "path": "/home/student/studentdata/SWEEP_ALLPRED_AR_RVQ/rvqB4_K512",
      "books": 4,
      "embed": 512,
      "bits_per_code": 9.0,
      "tps": 75.0,
      "kbps": 2.7,
      "compression_ratio": 17.777777777777775,
      "n": 1003,
      "stsim_mean": 0.9438263057236181,